1062,00:00:01,1,F,LAUNCH_PAD,0.0,24.49,100.21,3.58,0.19,0.56,2.46,13.76,-9.42,3.82,0.32,00:00:00,0.0,0.0000,0.0000,0,CXON
1062,00:00:02,2,F,LAUNCH_PAD,0.0,24.51,100.21,3.58,0.19,-2.13,2.57,2.13,-9.20,2.89,1.36,00:00:00,0.0,0.0000,0.0000,0,CXON
1062,00:00:03,3,F,LAUNCH_PAD,0.0,24.51,100.20,3.58,0.20,-1.01,0.56,-3.02,-9.77,2.48,0.93,00:00:00,0.0,0.0000,0.0000,0,CXON
1062,00:00:04,4,F,LAUNCH_PAD,0.0,24.52,100.20,3.58,0.19,-7.72,-10.97,0.00,-8.28,3.20,0.66,00:00:00,0.0,0.0000,0.0000,0,CXON
1062,00:00:05,5,F,LAUNCH_PAD,0.0,24.52,100.20,3.58,0.19,-0.22,0.00,-0.90,-10.19,2.32,1.97,00:00:00,0.0,0.0000,0.0000,0,CXON
1062,00:00:06,6,F,LAUNCH_PAD,0.0,24.53,100.20,3.58,0.19,-34.69,6.60,5.37,-9.08,1.06,0.24,00:00:00,0.0,0.0000,0.0000,0,CXON
1062,00:00:07,7,F,LAUNCH_PAD,0.0,24.54,100.20,3.58,0.19,23.05,40.51,-5.93,-8.96,2.67,-0.02,00:00:00,0.0,0.0000,0.0000,0,CXON
1062,00:00:08,8,F,LAUNCH_PAD,0.0,24.54,100.20,3.58,0.19,35.92,-5.93,57.63,-8.66,3.97,-2.17,00:00:00,0.0,0.0000,0.0000,0,CXON
1062,00:00:09,9,F,LAUNCH_PAD,0.0,24.56,100.20,3.58,0.19,37.71,-17.90,17.46,-7.66,5.31,-4.01,00:00:00,0.0,0.0000,0.0000,0,CXON
1062,00:00:10,10,F,LAUNCH_PAD,0.0,24.56,100.20,3.58,0.20,-3.36,2.46,-0.90,-7.93,4.05,-4.43,00:00:00,0.0,0.0000,0.0000,0,CXON
1062,00:00:11,11,F,LAUNCH_PAD,0.0,24.55,100.20,3.58,0.20,-12.87,9.29,-4.59,-8.66,4.46,-4.20,00:00:00,0.0,0.0000,0.0000,0,CXON
1062,00:00:12,12,F,LAUNCH_PAD,0.0,24.57,100.20,3.58,0.19,-29.32,34.69,1.57,-11.11,2.97,-0.48,00:00:00,0.0,0.0000,0.0000,0,CXON
1062,00:00:13,13,F,LAUNCH_PAD,0.0,24.57,100.21,3.58,0.20,-1.45,-10.18,-3.92,-9.12,3.28,-0.87,00:00:00,0.0,0.0000,0.0000,0,CXON
1062,00:00:14,14,F,LAUNCH_PAD,0.0,24.59,100.20,3.58,0.19,28.31,-13.20,10.18,-6.05,10.86,-3.97,00:00:00,0.0,0.0000,0.0000,0,CXON
1062,00:00:15,15,F,LAUNCH_PAD,0.0,24.59,100.21,3.58,0.19,-74.98,-25.96,-15.89,-8.32,4.05,1.59,00:00:00,0.0,0.0000,0.0000,0,CXON
1062,00:00:16,16,F,LAUNCH_PAD,0.0,24.60,100.20,3.58,0.19,1.01,1.23,9.62,-9.35,3.20,1.16,00:00:00,0.0,0.0000,0.0000,0,CXON
1062,00:00:17,17,F,LAUNCH_PAD,0.0,24.61,100.21,3.58,0.19,0.11,0.00,-0.45,-9.58,2.86,1.32,00:00:00,0.0,0.0000,0.0000,0,CXON
1062,00:00:18,18,F,LAUNCH_PAD,0.0,24.60,100.20,3.58,0.20,-2.24,0.56,0.56,-9.46,2.97,1.16,00:00:00,0.0,0.0000,0.0000,0,CXON
1062,00:00:19,19,F,LAUNCH_PAD,0.0,24.62,100.20,3.58,0.20,0.22,-0.11,0.67,-9.28,3.24,1.16,00:00:00,0.0,0.0000,0.0000,0,CXON
1062,00:00:20,20,F,LAUNCH_PAD,0.0,24.63,100.21,3.58,0.19,0.00,0.22,-1.23,-9.62,2.55,1.20,00:00:00,0.0,0.0000,0.0000,0,CXON
1062,00:00:21,21,F,LAUNCH_PAD,0.0,24.63,100.20,3.58,0.19,0.56,0.34,1.57,-9.54,2.63,1.43,00:00:00,0.0,0.0000,0.0000,0,CXON
1062,00:00:22,22,F,LAUNCH_PAD,0.0,24.63,100.20,3.58,0.19,0.34,-0.22,2.80,-9.20,3.32,1.09,00:00:00,0.0,0.0000,0.0000,0,CXON
1062,00:00:23,23,F,LAUNCH_PAD,0.0,24.63,100.20,3.58,0.19,-0.11,0.00,-1.34,-9.54,2.74,1.24,00:00:00,0.0,0.0000,0.0000,0,CXON
1062,00:00:24,24,F,LAUNCH_PAD,0.0,24.65,100.20,3.58,0.20,1.57,-0.67,-2.24,-9.39,2.74,1.24,00:00:00,0.0,0.0000,0.0000,0,CXON
1062,00:00:25,25,F,LAUNCH_PAD,0.0,24.65,100.20,3.58,0.19,-1.01,0.34,-0.34,-9.39,2.89,1.28,00:00:00,0.0,0.0000,0.0000,0,CXON
1062,00:00:26,26,F,LAUNCH_PAD,0.0,24.66,100.20,3.58,0.20,-0.22,-0.11,0.90,-9.28,3.12,1.51,00:00:00,0.0,0.0000,0.0000,0,CXON
1062,00:00:27,27,F,LAUNCH_PAD,0.0,24.67,100.20,3.58,0.19,2.35,-0.67,0.90,-9.81,2.51,1.28,00:00:00,0.0,0.0000,0.0000,0,CXON
1062,00:00:28,28,F,LAUNCH_PAD,0.0,24.68,100.20,3.58,0.19,0.56,0.34,0.22,-9.54,2.67,1.20,00:00:00,0.0,0.0000,0.0000,0,CXON
1062,00:00:29,29,F,LAUNCH_PAD,0.0,24.68,100.20,3.58,0.20,-1.45,0.22,1.90,-9.08,3.32,1.20,00:00:00,0.0,0.0000,0.0000,0,CXON
1062,00:00:30,30,F,LAUNCH_PAD,0.0,24.68,100.20,3.58,0.19,0.45,-0.67,1.12,-9.54,3.05,1.28,00:00:00,0.0,0.0000,0.0000,0,CXON
1062,00:00:31,31,F,LAUNCH_PAD,0.0,24.70,100.20,3.58,0.19,-0.11,-0.90,1.45,-9.42,2.74,1.09,00:00:00,0.0,0.0000,0.0000,0,CXON
1062,00:00:32,32,F,LAUNCH_PAD,0.0,24.70,100.20,3.58,0.19,0.22,0.11,0.22,-9.54,2.89,1.28,00:00:00,0.0,0.0000,0.0000,0,CXON
1062,00:00:33,33,F,LAUNCH_PAD,0.0,24.70,100.20,3.58,0.19,-0.22,0.22,0.34,-9.46,2.89,1.36,00:00:00,0.0,0.0000,0.0000,0,CXON
1062,00:00:34,34,F,LAUNCH_PAD,0.0,24.71,100.20,3.58,0.19,0.00,0.00,0.22,-9.46,3.05,1.28,00:00:00,0.0,0.0000,0.0000,0,CXON
1062,00:00:35,35,F,LAUNCH_PAD,0.0,24.72,100.20,3.58,0.19,-0.11,0.45,-0.34,-9.62,2.63,1.20,00:00:00,0.0,0.0000,0.0000,0,CXON
1062,00:00:36,36,F,LAUNCH_PAD,0.0,24.72,100.20,3.58,0.19,-0.22,0.11,-0.34,-9.38,3.09,1.32,00:00:00,0.0,0.0000,0.0000,0,CXON
1062,00:00:37,37,F,LAUNCH_PAD,0.0,24.73,100.20,3.58,0.19,0.45,0.78,-0.45,-9.39,3.28,1.47,00:00:00,0.0,0.0000,0.0000,0,CXON
1062,00:00:38,38,F,LAUNCH_PAD,0.0,24.73,100.20,3.58,0.19,-0.34,-0.34,-0.56,-9.38,2.97,1.20,00:00:00,0.0,0.0000,0.0000,0,CXON
1062,00:00:39,39,F,LAUNCH_PAD,0.0,24.75,100.20,3.58,0.19,-0.56,0.00,0.90,-9.35,3.20,1.24,00:00:00,0.0,0.0000,0.0000,0,CXON
1062,00:00:40,40,F,LAUNCH_PAD,0.0,24.75,100.20,3.58,0.19,-0.34,0.22,-0.45,-9.30,3.16,1.20,00:00:00,0.0,0.0000,0.0000,0,CXON
1062,00:00:41,41,F,LAUNCH_PAD,0.1,24.75,100.20,3.58,0.19,-0.34,-0.11,-1.12,-9.24,3.05,1.28,00:00:00,0.0,0.0000,0.0000,0,CXON
1062,00:00:42,42,F,LAUNCH_PAD,0.0,24.76,100.20,3.58,0.19,2.35,-0.67,0.56,-9.30,3.43,1.16,00:00:00,0.0,0.0000,0.0000,0,CXON
1062,00:00:43,43,F,LAUNCH_PAD,0.0,24.76,100.20,3.58,0.19,0.00,0.11,1.23,-9.88,2.70,1.32,00:00:00,0.0,0.0000,0.0000,0,CXON
1062,00:00:44,44,F,LAUNCH_PAD,0.0,24.77,100.20,3.58,0.20,0.00,0.34,-0.90,-9.46,2.86,1.20,00:00:00,0.0,0.0000,0.0000,0,CXON
1062,00:00:45,45,F,LAUNCH_PAD,0.0,24.78,100.20,3.58,0.20,0.11,-0.22,1.57,-9.66,2.70,1.36,00:00:00,0.0,0.0000,0.0000,0,CXON
1062,00:00:46,46,F,LAUNCH_PAD,0.0,24.78,100.20,3.58,0.19,0.11,0.00,0.34,-9.46,2.74,1.28,00:00:00,0.0,0.0000,0.0000,0,CXON
1062,00:00:47,47,F,LAUNCH_PAD,0.0,24.79,100.20,3.58,0.19,0.00,0.00,0.22,-9.42,2.89,1.28,00:00:00,0.0,0.0000,0.0000,0,CXON
1062,00:00:48,48,F,LAUNCH_PAD,0.0,24.79,100.20,3.58,0.20,0.11,0.00,0.00,-9.43,2.97,1.28,00:00:00,0.0,0.0000,0.0000,0,CXON
1062,00:00:49,49,F,LAUNCH_PAD,0.0,24.80,100.20,3.58,0.20,0.00,0.00,0.00,-9.46,2.97,1.28,00:00:00,0.0,0.0000,0.0000,0,CXON
1062,00:00:50,50,F,LAUNCH_PAD,0.0,24.80,100.20,3.58,0.19,0.00,0.00,-0.22,-9.50,2.86,1.24,00:00:00,0.0,0.0000,0.0000,0,CXON
1062,00:00:51,51,F,LAUNCH_PAD,0.0,24.81,100.20,3.58,0.19,-1.01,0.34,0.00,-9.46,3.16,1.09,00:00:00,0.0,0.0000,0.0000,0,CXON
1062,00:00:52,52,F,LAUNCH_PAD,0.0,24.82,100.20,3.58,0.20,0.00,0.22,-0.67,-9.39,3.09,1.28,00:00:00,0.0,0.0000,0.0000,0,CXON
1062,00:00:53,53,F,LAUNCH_PAD,0.1,24.82,100.20,3.58,0.19,-0.11,-0.11,-0.45,-9.46,2.86,1.24,00:00:00,0.0,0.0000,0.0000,0,CXON
1062,00:00:54,54,F,LAUNCH_PAD,0.0,24.83,100.20,3.58,0.20,-0.22,-0.11,-0.22,-9.62,2.78,1.32,00:00:00,0.0,0.0000,0.0000,0,CXON
1062,00:00:55,55,F,LAUNCH_PAD,0.1,24.83,100.20,3.58,0.20,-0.11,0.00,-0.34,-9.50,2.86,1.28,00:00:00,0.0,0.0000,0.0000,0,CXON
1062,00:00:56,56,F,LAUNCH_PAD,0.0,24.84,100.20,3.58,0.20,0.00,0.00,-0.22,-9.42,2.82,1.43,00:00:00,0.0,0.0000,0.0000,0,CXON
1062,00:00:57,57,F,LAUNCH_PAD,0.2,24.84,100.20,3.58,0.19,-8.50,3.02,1.45,-9.50,3.16,1.16,00:00:00,0.0,0.0000,0.0000,0,CXON
1062,00:00:58,58,F,LAUNCH_PAD,0.1,24.85,100.20,3.58,0.19,-1.23,0.34,-0.22,-9.42,2.93,1.28,00:00:00,0.0,0.0000,0.0000,0,CXON
1062,00:00:59,59,F,LAUNCH_PAD,0.2,24.85,100.20,3.58,0.20,-0.11,0.00,-0.34,-9.43,2.97,1.24,00:00:00,0.0,0.0000,0.0000,0,CXON
1062,00:01:00,60,F,LAUNCH_PAD,0.3,24.86,100.20,3.58,0.19,-0.22,0.11,-0.45,-9.46,2.82,1.28,00:00:00,0.0,0.0000,0.0000,0,CXON
1062,00:01:01,61,F,LAUNCH_PAD,0.2,24.86,100.20,3.58,0.19,-0.11,0.00,0.34,-9.46,2.93,1.32,00:00:00,0.0,0.0000,0.0000,0,CXON
1062,00:01:02,62,F,LAUNCH_PAD,0.1,24.86,100.20,3.58,0.19,-0.11,0.11,-0.11,-9.46,2.97,1.28,00:00:00,0.0,0.0000,0.0000,0,CXON
1062,00:01:03,63,F,LAUNCH_PAD,0.2,24.87,100.20,3.58,0.19,0.00,0.00,0.00,-9.43,3.01,1.28,00:00:00,0.0,0.0000,0.0000,0,CXON
1062,00:01:04,64,F,LAUNCH_PAD,0.2,24.88,100.20,3.58,0.19,0.00,0.00,0.00,-9.46,2.97,1.28,00:00:00,0.0,0.0000,0.0000,0,CXON
1062,00:01:05,65,F,LAUNCH_PAD,0.3,24.88,100.20,3.58,0.20,0.00,0.00,0.00,-9.43,2.97,1.28,00:00:00,0.0,0.0000,0.0000,0,CXON
1062,00:01:06,66,F,LAUNCH_PAD,0.2,24.88,100.20,3.58,0.19,0.00,0.00,0.00,-9.43,2.97,1.28,00:00:00,0.0,0.0000,0.0000,0,CXON
1062,00:01:07,67,F,LAUNCH_PAD,0.3,24.89,100.20,3.58,0.20,0.00,0.00,0.00,-9.42,2.93,1.28,00:00:00,0.0,0.0000,0.0000,0,CXON
1062,00:01:08,68,F,LAUNCH_PAD,0.3,24.89,100.20,3.58,0.19,0.00,0.00,0.00,-9.46,2.89,1.24,00:00:00,0.0,0.0000,0.0000,0,CXON
1062,00:01:09,69,F,LAUNCH_PAD,0.3,24.90,100.20,3.58,0.20,-0.45,0.34,0.45,-9.50,2.93,1.24,00:00:00,0.0,0.0000,0.0000,0,CXON
1062,00:01:10,70,F,LAUNCH_PAD,0.2,24.91,100.20,3.58,0.20,0.00,0.11,0.78,-9.58,2.78,1.28,00:00:00,0.0,0.0000,0.0000,0,CXON
1062,00:01:11,71,F,LAUNCH_PAD,0.2,24.91,100.20,3.58,0.19,-0.11,0.00,-0.22,-9.50,2.93,1.28,00:00:00,0.0,0.0000,0.0000,0,CXON
1062,00:01:12,72,F,LAUNCH_PAD,0.2,24.91,100.20,3.58,0.20,0.00,0.00,0.00,-9.42,2.89,1.24,00:00:00,0.0,0.0000,0.0000,0,CXON
1062,00:01:13,73,F,LAUNCH_PAD,0.4,24.92,100.20,3.58,0.19,0.00,0.00,0.00,-9.43,2.97,1.28,00:00:00,0.0,0.0000,0.0000,0,CXON
1062,00:01:14,74,F,LAUNCH_PAD,0.4,24.92,100.20,3.58,0.19,0.00,0.00,0.00,-9.42,2.93,1.24,00:00:00,0.0,0.0000,0.0000,0,CXON
1062,00:01:15,75,F,LAUNCH_PAD,0.4,24.93,100.20,3.58,0.19,0.00,0.11,0.34,-9.42,2.93,1.24,00:00:00,0.0,0.0000,0.0000,0,CXON
1062,00:01:16,76,F,LAUNCH_PAD,0.4,24.94,100.20,3.58,0.20,0.00,0.00,0.00,-9.46,2.89,1.24,00:00:00,0.0,0.0000,0.0000,0,CXON
1062,00:01:17,77,F,LAUNCH_PAD,0.4,24.94,100.20,3.58,0.19,0.00,0.11,-0.34,-9.43,2.97,1.24,00:00:00,0.0,0.0000,0.0000,0,CXON
1062,00:01:18,78,F,LAUNCH_PAD,0.4,24.95,100.20,3.58,0.19,0.00,0.11,0.34,-9.46,2.93,1.20,00:00:00,0.0,0.0000,0.0000,0,CXON
1062,00:01:19,79,F,LAUNCH_PAD,0.5,24.94,100.20,3.58,0.19,0.00,0.00,0.00,-9.28,3.09,1.24,00:00:00,0.0,0.0000,0.0000,0,CXON
1062,00:01:20,80,F,LAUNCH_PAD,0.5,24.95,100.20,3.58,0.19,0.00,0.00,0.00,-9.42,3.05,1.24,00:00:00,0.0,0.0000,0.0000,0,CXON
1062,00:01:21,81,F,LAUNCH_PAD,0.4,24.95,100.20,3.58,0.20,0.00,0.00,0.00,-9.43,2.97,1.28,00:00:00,0.0,0.0000,0.0000,0,CXON
1062,00:01:22,82,F,LAUNCH_PAD,0.5,24.97,100.20,3.58,0.20,0.00,0.00,0.00,-9.39,3.05,1.28,00:00:00,0.0,0.0000,0.0000,0,CXON
1062,00:01:23,83,F,LAUNCH_PAD,0.5,24.97,100.20,3.58,0.19,0.00,0.00,0.00,-9.50,2.86,1.24,00:00:00,0.0,0.0000,0.0000,0,CXON
1062,00:01:24,84,F,LAUNCH_PAD,0.6,24.97,100.20,3.58,0.19,0.00,0.00,0.00,-9.43,3.01,1.24,00:00:00,0.0,0.0000,0.0000,0,CXON
1062,00:01:25,85,F,LAUNCH_PAD,0.6,24.98,100.20,3.58,0.19,0.00,0.00,0.00,-9.42,2.93,1.28,00:00:00,0.0,0.0000,0.0000,0,CXON
1062,00:01:26,86,F,LAUNCH_PAD,0.6,24.98,100.20,3.58,0.20,0.00,0.00,0.00,-9.46,2.89,1.28,00:00:00,0.0,0.0000,0.0000,0,CXON
1062,00:01:27,87,F,LAUNCH_PAD,0.7,24.98,100.19,3.58,0.19,0.00,0.00,0.00,-9.38,3.01,1.28,00:00:00,0.0,0.0000,0.0000,0,CXON
1062,00:01:28,88,F,LAUNCH_PAD,0.7,24.99,100.19,3.58,0.19,0.00,0.00,0.00,-9.38,2.63,1.20,00:00:00,0.0,0.0000,0.0000,0,CXON
1062,00:01:29,89,F,LAUNCH_PAD,0.8,25.00,100.19,3.58,0.20,0.22,0.00,0.34,-9.42,2.93,1.28,00:00:00,0.0,0.0000,0.0000,0,CXON
1062,00:01:30,90,F,LAUNCH_PAD,0.8,24.99,100.19,3.58,0.19,0.00,0.00,0.00,-9.42,2.93,1.28,00:00:00,0.0,0.0000,0.0000,0,CXON
1062,00:01:31,91,F,LAUNCH_PAD,0.8,25.00,100.19,3.58,0.19,-0.11,0.00,0.00,-9.46,3.16,1.39,00:00:00,0.0,0.0000,0.0000,0,CXON
1062,00:01:32,92,F,LAUNCH_PAD,0.6,25.01,100.20,3.58,0.19,0.11,0.11,0.67,-9.46,2.86,1.32,00:00:00,0.0,0.0000,0.0000,0,CXON
1062,00:01:33,93,F,LAUNCH_PAD,0.7,25.01,100.19,3.58,0.19,0.22,0.11,-0.11,-9.34,2.97,1.28,00:00:00,0.0,0.0000,0.0000,0,CXON
1062,00:01:34,94,F,LAUNCH_PAD,0.9,25.02,100.19,3.58,0.19,0.00,0.11,0.22,-9.43,3.01,1.28,00:00:00,0.0,0.0000,0.0000,0,CXON
1062,00:01:35,95,F,LAUNCH_PAD,0.8,25.02,100.19,3.58,0.19,0.00,0.00,0.00,-9.42,2.93,1.28,00:00:00,0.0,0.0000,0.0000,0,CXON
1062,00:01:36,96,F,LAUNCH_PAD,0.9,25.03,100.19,3.58,0.19,0.00,0.00,0.00,-9.43,2.97,1.28,00:00:00,0.0,0.0000,0.0000,0,CXON
1062,00:01:37,97,F,LAUNCH_PAD,1.0,25.02,100.19,3.58,0.20,0.00,0.00,0.00,-9.50,2.97,1.24,00:00:00,0.0,0.0000,0.0000,0,CXON
1062,00:01:38,98,F,LAUNCH_PAD,1.0,25.03,100.19,3.58,0.19,0.00,0.00,0.00,-9.43,2.97,1.28,00:00:00,0.0,0.0000,0.0000,0,CXON
1062,00:01:39,99,F,LAUNCH_PAD,1.0,25.04,100.19,3.58,0.19,0.00,0.00,0.00,-9.46,2.89,1.28,00:00:00,0.0,0.0000,0.0000,0,CXON
1062,00:01:40,100,F,LAUNCH_PAD,1.0,25.04,100.19,3.58,0.19,0.00,0.00,0.00,-9.38,2.97,1.28,00:00:00,0.0,0.0000,0.0000,0,CXON
1062,00:01:41,101,F,LAUNCH_PAD,1.2,25.04,100.19,3.58,0.20,0.00,0.00,0.00,-9.46,2.97,1.28,00:00:00,0.0,0.0000,0.0000,0,CXON
1062,00:01:42,102,F,LAUNCH_PAD,1.1,25.05,100.19,3.58,0.19,0.00,0.00,0.00,-9.30,3.16,1.20,00:00:00,0.0,0.0000,0.0000,0,CXON
1062,00:01:43,103,F,LAUNCH_PAD,1.0,25.05,100.19,3.58,0.20,1.34,-0.34,-0.34,-9.42,3.05,1.24,00:00:00,0.0,0.0000,0.0000,0,CXON
1062,00:01:44,104,F,LAUNCH_PAD,1.1,25.05,100.19,3.58,0.19,-0.11,0.11,0.00,-9.42,2.93,1.24,00:00:00,0.0,0.0000,0.0000,0,CXON
1062,00:01:45,105,F,LAUNCH_PAD,1.3,25.06,100.19,3.58,0.19,0.00,0.11,0.11,-9.43,2.97,1.28,00:00:00,0.0,0.0000,0.0000,0,CXON
1062,00:01:46,106,F,LAUNCH_PAD,1.1,25.06,100.19,3.58,0.19,0.00,0.00,-0.11,-9.46,2.93,1.24,00:00:00,0.0,0.0000,0.0000,0,CXON
1062,00:01:47,107,F,LAUNCH_PAD,1.4,25.07,100.19,3.58,0.20,0.00,0.00,0.00,-9.43,2.97,1.28,00:00:00,0.0,0.0000,0.0000,0,CXON
1062,00:01:48,108,F,LAUNCH_PAD,1.4,25.07,100.19,3.58,0.19,0.00,0.00,0.00,-9.43,2.97,1.28,00:00:00,0.0,0.0000,0.0000,0,CXON
1062,00:01:49,109,F,LAUNCH_PAD,1.6,25.07,100.18,3.58,0.20,0.00,0.00,-0.22,-9.46,2.97,1.28,00:00:00,0.0,0.0000,0.0000,0,CXON
1062,00:01:50,110,F,LAUNCH_PAD,1.5,25.08,100.18,3.58,0.19,0.00,0.00,0.34,-9.46,2.89,1.24,00:00:00,0.0,0.0000,0.0000,0,CXON
1062,00:01:51,111,F,LAUNCH_PAD,1.7,25.08,100.18,3.58,0.19,0.00,0.00,0.00,-9.43,2.97,1.28,00:00:00,0.0,0.0000,0.0000,0,CXON
1062,00:01:52,112,F,LAUNCH_PAD,1.8,25.09,100.18,3.58,0.19,0.00,0.00,0.00,-9.46,2.93,1.24,00:00:00,0.0,0.0000,0.0000,0,CXON
1062,00:01:53,113,F,LAUNCH_PAD,1.8,25.09,100.18,3.58,0.19,0.11,0.00,0.22,-9.50,2.82,1.24,00:00:00,0.0,0.0000,0.0000,0,CXON
1062,00:01:54,114,F,LAUNCH_PAD,1.8,25.10,100.18,3.58,0.19,0.22,0.00,0.34,-9.39,2.93,1.24,00:00:00,0.0,0.0000,0.0000,0,CXON
1062,00:01:55,115,F,LAUNCH_PAD,1.7,25.09,100.18,3.58,0.19,0.00,-0.11,0.11,-9.46,2.93,1.32,00:00:00,0.0,0.0000,0.0000,0,CXON
1062,00:01:56,116,F,LAUNCH_PAD,2.0,25.10,100.18,3.58,0.19,0.00,0.11,0.22,-9.43,2.97,1.28,00:00:00,0.0,0.0000,0.0000,0,CXON
1062,00:01:57,117,F,LAUNCH_PAD,2.1,25.10,100.18,3.58,0.19,0.00,0.00,0.00,-9.42,2.93,1.24,00:00:00,0.0,0.0000,0.0000,0,CXON
1062,00:01:58,118,F,LAUNCH_PAD,2.3,25.11,100.18,3.58,0.20,0.00,0.00,0.00,-9.42,2.93,1.28,00:00:00,0.0,0.0000,0.0000,0,CXON
1062,00:01:59,119,F,LAUNCH_PAD,2.4,25.11,100.17,3.58,0.19,0.00,0.00,0.00,-9.46,2.97,1.28,00:00:00,0.0,0.0000,0.0000,0,CXON
1062,00:02:00,120,F,LAUNCH_PAD,2.5,25.12,100.17,3.58,0.19,0.00,0.00,0.00,-9.46,2.89,1.24,00:00:00,0.0,0.0000,0.0000,0,CXON
1062,00:02:01,121,F,LAUNCH_PAD,2.6,25.12,100.17,3.58,0.19,0.00,0.00,0.22,-9.43,2.97,1.28,00:00:00,0.0,0.0000,0.0000,0,CXON
1062,00:02:02,122,F,LAUNCH_PAD,2.6,25.12,100.17,3.58,0.19,0.34,0.00,-0.11,-9.42,2.78,1.28,00:00:00,0.0,0.0000,0.0000,0,CXON
1062,00:02:03,123,F,LAUNCH_PAD,2.8,25.12,100.17,3.58,0.19,-0.11,-0.11,0.00,-9.43,2.97,1.24,00:00:00,0.0,0.0000,0.0000,0,CXON
1062,00:02:04,124,F,LAUNCH_PAD,3.1,25.13,100.17,3.58,0.19,0.00,0.00,0.11,-9.43,2.97,1.24,00:00:00,0.0,0.0000,0.0000,0,CXON
1062,00:02:05,125,F,LAUNCH_PAD,3.1,25.13,100.17,3.58,0.20,-0.11,0.00,-0.11,-9.43,3.01,1.24,00:00:00,0.0,0.0000,0.0000,0,CXON
1062,00:02:06,126,F,LAUNCH_PAD,3.2,25.14,100.16,3.58,0.19,0.00,-0.11,0.00,-9.43,2.97,1.28,00:00:00,0.0,0.0000,0.0000,0,CXON
1062,00:02:07,127,F,LAUNCH_PAD,3.3,25.13,100.16,3.58,0.19,-0.11,0.00,0.22,-9.43,2.97,1.28,00:00:00,0.0,0.0000,0.0000,0,CXON
1062,00:02:08,128,F,LAUNCH_PAD,3.7,25.14,100.16,3.58,0.19,0.00,0.00,0.00,-9.46,2.86,1.28,00:00:00,0.0,0.0000,0.0000,0,CXON
1062,00:02:09,129,F,LAUNCH_PAD,4.0,25.15,100.16,3.58,0.19,0.00,0.00,0.00,-9.43,3.01,1.24,00:00:00,0.0,0.0000,0.0000,0,CXON
1062,00:02:10,130,F,LAUNCH_PAD,4.3,25.14,100.15,3.58,0.19,0.00,0.00,-0.22,-9.43,2.97,1.28,00:00:00,0.0,0.0000,0.0000,0,CXON
1062,00:02:11,131,F,LAUNCH_PAD,4.5,25.15,100.15,3.58,0.19,0.00,0.00,0.00,-9.46,2.93,1.28,00:00:00,0.0,0.0000,0.0000,0,CXON
1062,00:02:12,132,F,LAUNCH_PAD,4.9,25.15,100.15,3.58,0.20,0.00,0.00,0.00,-9.43,2.97,1.28,00:00:00,0.0,0.0000,0.0000,0,CXON
1062,00:02:13,133,F,LAUNCH_PAD,5.4,25.16,100.14,3.58,0.19,0.00,0.00,-0.22,-9.46,2.97,1.28,00:00:00,0.0,0.0000,0.0000,0,CXON
1062,00:02:14,134,F,LAUNCH_PAD,5.9,25.16,100.13,3.58,0.19,0.00,0.00,0.00,-9.43,2.97,1.24,00:00:00,0.0,0.0000,0.0000,0,CXON
1062,00:02:15,135,F,LAUNCH_PAD,6.4,25.16,100.13,3.58,0.20,-0.11,0.00,0.00,-9.46,2.89,1.32,00:00:00,0.0,0.0000,0.0000,0,CXON
1062,00:02:16,136,F,LAUNCH_PAD,6.3,25.17,100.13,3.58,0.20,0.00,0.00,-0.11,-9.43,2.97,1.28,00:00:00,0.0,0.0000,0.0000,0,CXON
1062,00:02:17,137,F,LAUNCH_PAD,7.0,25.18,100.12,3.58,0.20,0.00,0.00,0.00,-9.42,2.89,1.24,00:00:00,0.0,0.0000,0.0000,0,CXON
1062,00:02:18,138,F,LAUNCH_PAD,7.7,25.18,100.11,3.58,0.19,-0.11,0.11,-0.22,-9.46,2.93,1.28,00:00:00,0.0,0.0000,0.0000,0,CXON
1062,00:02:19,139,F,LAUNCH_PAD,8.6,25.18,100.10,3.58,0.19,0.00,0.00,0.11,-9.38,2.97,1.24,00:00:00,0.0,0.0000,0.0000,0,CXON
1062,00:02:20,140,F,LAUNCH_PAD,9.6,25.18,100.09,3.58,0.19,0.11,0.11,0.45,-9.42,2.89,1.20,00:00:00,0.0,0.0000,0.0000,0,CXON
1062,00:02:21,141,F,ASCENT,10.7,25.19,100.08,3.58,0.20,0.00,0.00,0.00,-9.46,2.89,1.28,00:00:00,0.0,0.0000,0.0000,0,CXON
1062,00:02:22,142,F,ASCENT,12.0,25.19,100.06,3.58,0.19,0.00,0.00,0.00,-9.46,2.97,1.24,00:00:00,0.0,0.0000,0.0000,0,CXON
1062,00:02:23,143,F,ASCENT,13.3,25.19,100.04,3.58,0.20,0.11,-0.11,-0.11,-9.42,2.93,1.24,00:00:00,0.0,0.0000,0.0000,0,CXON
1062,00:02:24,144,F,ASCENT,15.5,25.19,100.02,3.58,0.20,0.00,0.00,0.00,-9.43,2.97,1.24,00:00:00,0.0,0.0000,0.0000,0,CXON
1062,00:02:25,145,F,ASCENT,16.7,25.20,100.01,3.58,0.20,0.00,0.00,0.00,-9.50,2.86,1.28,00:00:00,0.0,0.0000,0.0000,0,CXON
1062,00:02:26,146,F,ASCENT,18.9,25.20,99.98,3.58,0.20,0.00,0.00,0.00,-9.46,2.89,1.24,00:00:00,0.0,0.0000,0.0000,0,CXON
1062,00:02:27,147,F,ASCENT,22.2,25.20,99.94,3.58,0.20,0.00,-0.11,0.11,-9.42,2.93,1.24,00:00:00,0.0,0.0000,0.0000,0,CXON
1062,00:02:28,148,F,ASCENT,27.1,25.21,99.88,3.58,0.19,-0.11,0.11,-0.22,-9.46,2.93,1.28,00:00:00,0.0,0.0000,0.0000,0,CXON
1062,00:02:29,149,F,ASCENT,32.3,25.21,99.82,3.58,0.19,0.34,0.00,-0.11,-9.46,2.89,1.28,00:00:00,0.0,0.0000,0.0000,0,CXON
1062,00:02:30,150,F,ASCENT,38.5,25.21,99.75,3.58,0.19,0.11,0.11,0.11,-9.46,2.93,1.28,00:00:00,0.0,0.0000,0.0000,0,CXON
1062,00:02:31,151,F,ASCENT,48.5,25.21,99.63,3.58,0.19,-0.11,0.00,-0.22,-9.42,2.93,1.28,00:00:00,0.0,0.0000,0.0000,0,CXON
1062,00:02:32,152,F,ASCENT,60.5,25.21,99.49,3.58,0.19,0.00,0.00,0.00,-9.43,2.97,1.20,00:00:00,0.0,0.0000,0.0000,0,CXON
1062,00:02:33,153,F,ASCENT,77.2,25.22,99.29,3.58,0.19,0.00,0.00,0.00,-9.42,2.89,1.24,00:00:00,0.0,0.0000,0.0000,0,CXON
1062,00:02:34,154,F,ASCENT,93.3,25.21,99.10,3.58,0.19,0.00,0.00,0.22,-9.46,2.97,1.28,00:00:00,0.0,0.0000,0.0000,0,CXON
1062,00:02:35,155,F,ASCENT,115.0,25.22,98.84,3.58,0.19,0.11,-0.11,0.34,-9.46,2.86,1.28,00:00:00,0.0,0.0000,0.0000,0,CXON
1062,00:02:36,156,F,ASCENT,138.9,25.23,98.56,3.58,0.19,0.45,-0.11,1.57,-9.50,2.55,1.28,00:00:00,0.0,0.0000,0.0000,0,CXON
1062,00:02:37,157,F,ASCENT,157.4,25.22,98.35,3.58,0.20,-0.90,0.11,0.56,-9.39,3.09,1.28,00:00:00,0.0,0.0000,0.0000,0,CXON
1062,00:02:38,158,F,ASCENT,174.9,25.22,98.14,3.58,0.19,0.00,-0.11,0.67,-9.54,2.86,1.39,00:00:00,0.0,0.0000,0.0000,0,CXON
1062,00:02:39,159,F,ASCENT,190.4,25.22,97.96,3.58,0.19,0.22,-0.22,1.01,-9.54,2.70,1.32,00:00:00,0.0,0.0000,0.0000,0,CXON
1062,00:02:40,160,F,ASCENT,203.7,25.22,97.81,3.58,0.20,0.11,-0.11,0.45,-9.46,2.70,1.36,00:00:00,0.0,0.0000,0.0000,0,CXON
1062,00:02:41,161,F,ASCENT,215.4,25.22,97.67,3.58,0.20,0.00,-0.22,0.11,-9.46,2.82,1.32,00:00:00,0.0,0.0000,0.0000,0,CXON
1062,00:02:42,162,F,ASCENT,222.9,25.23,97.58,3.58,0.19,0.00,-0.11,-0.11,-9.46,2.82,1.39,00:00:00,0.0,0.0000,0.0000,0,CXON
1062,00:02:43,163,F,ASCENT,230.3,25.22,97.50,3.58,0.19,-0.34,0.11,-0.78,-9.46,2.89,1.36,00:00:00,0.0,0.0000,0.0000,0,CXON
1062,00:02:44,164,F,DESCENT,229.3,25.22,97.51,3.58,0.20,-0.11,-0.11,-0.11,-9.54,2.82,1.36,00:00:00,0.0,0.0000,0.0000,0,CXON
1062,00:02:45,165,F,DESCENT,220.4,25.23,97.61,3.58,0.19,0.00,0.00,0.11,-9.46,2.74,1.39,00:00:00,0.0,0.0000,0.0000,0,CXON
1062,00:02:46,166,F,DESCENT,216.1,25.23,97.66,3.58,0.19,0.00,0.00,0.00,-9.46,2.74,1.36,00:00:00,0.0,0.0000,0.0000,0,CXON
1062,00:02:47,167,F,DESCENT,212.4,25.23,97.71,3.58,0.20,0.00,0.00,0.00,-9.50,2.74,1.39,00:00:00,0.0,0.0000,0.0000,0,CXON
1062,00:02:48,168,F,DESCENT,209.1,25.24,97.74,3.58,0.20,0.00,0.00,0.00,-9.46,2.86,1.36,00:00:00,0.0,0.0000,0.0000,0,CXON
1062,00:02:49,169,F,DESCENT,205.9,25.24,97.78,3.58,0.19,0.00,0.00,0.00,-9.50,2.67,1.39,00:00:00,0.0,0.0000,0.0000,0,CXON
1062,00:02:50,170,F,DESCENT,203.2,25.24,97.81,3.58,0.20,0.00,0.00,0.00,-9.50,2.82,1.36,00:00:00,0.0,0.0000,0.0000,0,CXON
1062,00:02:51,171,F,DESCENT,200.8,25.24,97.84,3.58,0.19,0.00,0.00,0.00,-9.46,2.82,1.39,00:00:00,0.0,0.0000,0.0000,0,CXON
1062,00:02:52,172,F,DESCENT,198.9,25.25,97.86,3.58,0.20,0.00,0.00,0.00,-9.46,2.86,1.36,00:00:00,0.0,0.0000,0.0000,0,CXON
1062,00:02:53,173,F,DESCENT,196.6,25.25,97.89,3.58,0.20,0.00,0.00,0.00,-9.43,2.82,1.39,00:00:00,0.0,0.0000,0.0000,0,CXON
1062,00:02:54,174,F,DESCENT,196.3,25.25,97.89,3.58,0.19,0.22,0.11,-0.11,-9.43,2.78,1.36,00:00:00,0.0,0.0000,0.0000,0,CXON
1062,00:02:55,175,F,DESCENT,210.6,25.25,97.73,3.58,0.20,-0.11,0.00,0.11,-9.46,2.86,1.36,00:00:00,0.0,0.0000,0.0000,0,CXON
1062,00:02:56,176,F,DESCENT,219.1,25.25,97.63,3.58,0.19,-0.22,0.00,-0.45,-9.46,2.89,1.36,00:00:00,0.0,0.0000,0.0000,0,CXON
1062,00:02:57,177,F,DESCENT,225.5,25.26,97.55,3.58,0.19,-0.11,0.00,0.00,-9.50,2.78,1.36,00:00:00,0.0,0.0000,0.0000,0,CXON
1062,00:02:58,178,F,DESCENT,231.2,25.26,97.49,3.58,0.19,-0.22,0.56,-0.45,-9.34,2.70,1.43,00:00:00,0.0,0.0000,0.0000,0,CXON
1062,00:02:59,179,F,DESCENT,237.7,25.27,97.41,3.58,0.20,-0.22,0.11,-0.67,-9.46,2.82,1.36,00:00:00,0.0,0.0000,0.0000,0,CXON
1062,00:03:00,180,F,DESCENT,242.3,25.26,97.36,3.58,0.19,0.11,0.00,-0.34,-9.27,2.44,1.47,00:00:00,0.0,0.0000,0.0000,0,CXON
1062,00:03:01,181,F,DESCENT,245.8,25.27,97.32,3.58,0.20,0.11,0.00,0.00,-9.42,2.86,1.39,00:00:00,0.0,0.0000,0.0000,0,CXON
1062,00:03:02,182,F,DESCENT,249.3,25.27,97.28,3.58,0.19,-0.11,0.00,-0.11,-9.46,2.86,1.36,00:00:00,0.0,0.0000,0.0000,0,CXON
1062,00:03:03,183,F,DESCENT,251.5,25.26,97.25,3.58,0.19,0.00,0.00,0.00,-9.46,2.78,1.39,00:00:00,0.0,0.0000,0.0000,0,CXON
1062,00:03:04,184,F,DESCENT,249.7,25.28,97.27,3.58,0.19,0.00,0.00,0.00,-9.46,2.82,1.36,00:00:00,0.0,0.0000,0.0000,0,CXON
1062,00:03:05,185,F,DESCENT,245.8,25.28,97.32,3.58,0.20,0.00,0.00,0.00,-9.46,2.82,1.36,00:00:00,0.0,0.0000,0.0000,0,CXON
1062,00:03:06,186,F,DESCENT,242.3,25.28,97.36,3.58,0.19,0.00,0.00,0.00,-9.43,2.86,1.36,00:00:00,0.0,0.0000,0.0000,0,CXON
1062,00:03:07,187,F,DESCENT,239.2,25.28,97.39,3.58,0.19,0.00,0.00,0.00,-9.46,2.78,1.39,00:00:00,0.0,0.0000,0.0000,0,CXON
1062,00:03:08,188,F,DESCENT,236.1,25.29,97.43,3.58,0.19,0.00,0.00,0.00,-9.46,2.82,1.39,00:00:00,0.0,0.0000,0.0000,0,CXON
1062,00:03:09,189,F,DESCENT,233.5,25.28,97.46,3.58,0.19,0.00,0.00,0.00,-9.42,2.78,1.39,00:00:00,0.0,0.0000,0.0000,0,CXON
1062,00:03:10,190,F,DESCENT,230.8,25.29,97.49,3.58,0.19,0.00,0.00,0.00,-9.46,2.78,1.39,00:00:00,0.0,0.0000,0.0000,0,CXON
1062,00:03:11,191,F,DESCENT,228.2,25.29,97.52,3.58,0.19,0.00,0.00,0.00,-9.43,2.89,1.36,00:00:00,0.0,0.0000,0.0000,0,CXON
1062,00:03:12,192,F,DESCENT,225.9,25.29,97.55,3.58,0.20,0.00,0.00,0.00,-9.46,2.82,1.39,00:00:00,0.0,0.0000,0.0000,0,CXON
1062,00:03:13,193,F,DESCENT,223.8,25.30,97.57,3.58,0.19,0.00,0.00,0.00,-9.46,2.86,1.36,00:00:00,0.0,0.0000,0.0000,0,CXON
1062,00:03:14,194,F,DESCENT,223.2,25.30,97.58,3.58,0.19,0.00,0.00,0.00,-9.50,2.86,1.39,00:00:00,0.0,0.0000,0.0000,0,CXON
1062,00:03:15,195,F,DESCENT,223.1,25.30,97.58,3.58,0.20,0.00,0.00,0.00,-9.50,2.78,1.39,00:00:00,0.0,0.0000,0.0000,0,CXON
1062,00:03:16,196,F,DESCENT,218.9,25.31,97.63,3.58,0.19,0.00,0.00,0.00,-9.46,2.82,1.39,00:00:00,0.0,0.0000,0.0000,0,CXON
1062,00:03:17,197,F,DESCENT,221.6,25.31,97.60,3.58,0.19,0.11,0.11,0.56,-9.50,2.78,1.39,00:00:00,0.0,0.0000,0.0000,0,CXON
1062,00:03:18,198,F,DESCENT,230.6,25.31,97.49,3.58,0.19,0.00,-0.11,0.67,-9.35,2.93,1.39,00:00:00,0.0,0.0000,0.0000,0,CXON
1062,00:03:19,199,F,DESCENT,236.8,25.32,97.42,3.58,0.19,-0.11,0.00,-0.45,-9.54,2.74,1.36,00:00:00,0.0,0.0000,0.0000,0,CXON
1062,00:03:20,200,F,DESCENT,242.0,25.32,97.36,3.58,0.19,0.00,-0.11,-0.11,-9.42,2.89,1.39,00:00:00,0.0,0.0000,0.0000,0,CXON
1062,00:03:21,201,F,DESCENT,245.3,25.32,97.32,3.58,0.20,-0.11,0.00,-0.34,-9.42,2.82,1.36,00:00:00,0.0,0.0000,0.0000,0,CXON
1062,00:03:22,202,F,DESCENT,247.4,25.32,97.30,3.58,0.19,0.00,0.00,0.00,-9.43,2.93,1.32,00:00:00,0.0,0.0000,0.0000,0,CXON
1062,00:03:23,203,F,DESCENT,245.0,25.32,97.33,3.58,0.19,0.00,0.00,-0.22,-9.46,2.82,1.39,00:00:00,0.0,0.0000,0.0000,0,CXON
1062,00:03:24,204,F,DESCENT,243.6,25.33,97.34,3.58,0.19,0.11,0.00,-0.22,-9.46,2.86,1.39,00:00:00,0.0,0.0000,0.0000,0,CXON
1062,00:03:25,205,F,DESCENT,242.5,25.33,97.36,3.58,0.19,-0.22,0.00,-0.22,-9.42,2.93,1.39,00:00:00,0.0,0.0000,0.0000,0,CXON
1062,00:03:26,206,F,DESCENT,241.5,25.33,97.37,3.58,0.19,0.00,0.00,-0.22,-9.46,2.82,1.39,00:00:00,0.0,0.0000,0.0000,0,CXON
1062,00:03:27,207,F,DESCENT,240.5,25.33,97.38,3.58,0.20,-0.11,-0.11,-0.11,-9.46,2.82,1.36,00:00:00,0.0,0.0000,0.0000,0,CXON
1062,00:03:28,208,F,DESCENT,234.6,25.33,97.45,3.58,0.20,-0.11,-0.45,0.34,-9.46,2.78,1.51,00:00:00,0.0,0.0000,0.0000,0,CXON
1062,00:03:29,209,F,DESCENT,236.4,25.34,97.43,3.58,0.19,-0.11,0.00,-1.01,-9.54,2.82,1.39,00:00:00,0.0,0.0000,0.0000,0,CXON
1062,00:03:30,210,F,DESCENT,235.2,25.34,97.44,3.58,0.19,-0.22,-0.90,0.56,-9.66,2.55,1.36,00:00:00,0.0,0.0000,0.0000,0,CXON
1062,00:03:31,211,F,DESCENT,234.9,25.35,97.44,3.58,0.20,1.90,0.11,-0.11,-9.50,2.78,1.39,00:00:00,0.0,0.0000,0.0000,0,CXON
1062,00:03:32,212,F,DESCENT,233.8,25.35,97.46,3.58,0.19,0.00,0.00,0.22,-9.42,2.78,1.39,00:00:00,0.0,0.0000,0.0000,0,CXON
1062,00:03:33,213,F,DESCENT,232.8,25.34,97.47,3.58,0.20,-0.11,0.00,0.00,-9.43,2.74,1.43,00:00:00,0.0,0.0000,0.0000,0,CXON
1062,00:03:34,214,F,DESCENT,232.3,25.35,97.47,3.58,0.19,0.00,0.00,0.34,-9.43,2.74,1.70,00:00:00,0.0,0.0000,0.0000,0,CXON
1062,00:03:35,215,F,DESCENT,231.1,25.36,97.49,3.58,0.19,-0.11,-0.11,-0.11,-9.50,2.78,1.43,00:00:00,0.0,0.0000,0.0000,0,CXON
1062,00:03:36,216,F,DESCENT,230.4,25.35,97.50,3.58,0.19,0.00,0.00,0.00,-9.50,2.78,1.43,00:00:00,0.0,0.0000,0.0000,0,CXON
1062,00:03:37,217,F,DESCENT,229.5,25.36,97.51,3.58,0.19,0.00,-0.11,-0.11,-9.46,2.78,1.39,00:00:00,0.0,0.0000,0.0000,0,CXON
1062,00:03:38,218,F,DESCENT,228.8,25.36,97.51,3.58,0.19,0.00,0.00,0.00,-9.46,2.78,1.43,00:00:00,0.0,0.0000,0.0000,0,CXON
1062,00:03:39,219,F,DESCENT,228.1,25.35,97.52,3.58,0.19,0.00,0.00,0.00,-9.46,2.78,1.39,00:00:00,0.0,0.0000,0.0000,0,CXON
1062,00:03:40,220,F,DESCENT,227.6,25.36,97.53,3.58,0.19,0.00,0.00,0.00,-9.46,2.78,1.39,00:00:00,0.0,0.0000,0.0000,0,CXON
1062,00:03:41,221,F,DESCENT,227.0,25.36,97.54,3.58,0.20,0.00,0.00,0.00,-9.46,2.82,1.43,00:00:00,0.0,0.0000,0.0000,0,CXON
1062,00:03:42,222,F,DESCENT,226.4,25.36,97.54,3.58,0.19,0.00,0.00,0.00,-9.46,2.78,1.39,00:00:00,0.0,0.0000,0.0000,0,CXON
1062,00:03:43,223,F,DESCENT,226.0,25.36,97.55,3.58,0.19,0.00,0.00,0.00,-9.46,2.78,1.39,00:00:00,0.0,0.0000,0.0000,0,CXON
1062,00:03:44,224,F,DESCENT,224.7,25.37,97.56,3.58,0.19,0.00,0.00,0.00,-9.46,2.74,1.43,00:00:00,0.0,0.0000,0.0000,0,CXON
1062,00:03:45,225,F,DESCENT,224.0,25.38,97.57,3.58,0.20,0.00,0.00,0.00,-9.50,2.78,1.39,00:00:00,0.0,0.0000,0.0000,0,CXON
1062,00:03:46,226,F,DESCENT,223.4,25.38,97.58,3.58,0.19,0.00,0.00,0.00,-9.46,2.82,1.43,00:00:00,0.0,0.0000,0.0000,0,CXON
1062,00:03:47,227,F,DESCENT,222.7,25.38,97.59,3.58,0.19,0.00,0.00,0.00,-9.50,2.82,1.39,00:00:00,0.0,0.0000,0.0000,0,CXON
1062,00:03:48,228,F,DESCENT,222.0,25.38,97.59,3.58,0.19,0.00,0.00,0.00,-9.42,2.86,1.39,00:00:00,0.0,0.0000,0.0000,0,CXON
1062,00:03:49,229,F,DESCENT,223.9,25.38,97.57,3.58,0.19,-0.45,0.22,-0.45,-9.50,2.82,1.39,00:00:00,0.0,0.0000,0.0000,0,CXON
1062,00:03:50,230,F,DESCENT,223.8,25.38,97.57,3.58,0.19,-0.22,-0.11,-1.57,-9.58,2.86,1.43,00:00:00,0.0,0.0000,0.0000,0,CXON
1062,00:03:51,231,F,DESCENT,223.4,25.39,97.58,3.58,0.20,0.00,0.11,0.22,-9.50,2.82,1.43,00:00:00,0.0,0.0000,0.0000,0,CXON
1062,00:03:52,232,F,DESCENT,220.9,25.39,97.61,3.58,0.19,-1.01,-0.34,-1.90,-9.23,2.21,1.24,00:00:00,0.0,0.0000,0.0000,0,CXON
1062,00:03:53,233,F,DESCENT,216.6,25.39,97.66,3.58,0.20,2.91,7.50,-1.79,-9.08,3.47,-1.52,00:00:00,0.0,0.0000,0.0000,0,CXON
1062,00:03:54,234,F,DESCENT,217.9,25.39,97.64,3.58,0.19,6.27,0.34,3.25,-9.62,2.74,1.51,00:00:00,0.0,0.0000,0.0000,0,CXON
1062,00:03:55,235,F,DESCENT,217.4,25.39,97.65,3.58,0.19,-0.45,0.22,0.90,-9.35,2.78,1.39,00:00:00,0.0,0.0000,0.0000,0,CXON
1062,00:03:56,236,F,DESCENT,218.1,25.40,97.64,3.58,0.19,0.22,-0.11,0.11,-9.50,2.74,1.36,00:00:00,0.0,0.0000,0.0000,0,CXON
1062,00:03:57,237,F,DESCENT,220.5,25.40,97.61,3.58,0.19,0.22,0.34,1.12,-9.46,2.78,1.39,00:00:00,0.0,0.0000,0.0000,0,CXON
1062,00:03:58,238,F,DESCENT,219.9,25.41,97.62,3.58,0.19,0.00,0.34,0.56,-9.58,2.55,1.55,00:00:00,0.0,0.0000,0.0000,0,CXON
1062,00:03:59,239,F,DESCENT,215.7,25.41,97.67,3.58,0.19,2.69,-0.34,3.92,-9.58,2.51,1.39,00:00:00,0.0,0.0000,0.0000,0,CXON
1062,00:04:00,240,F,DESCENT,214.4,25.41,97.68,3.58,0.19,-1.12,-0.22,-4.36,-9.50,2.70,1.39,00:00:00,0.0,0.0000,0.0000,0,CXON
1062,00:04:01,241,F,DESCENT,213.5,25.41,97.69,3.58,0.19,-0.22,0.00,-0.56,-9.54,2.82,1.43,00:00:00,0.0,0.0000,0.0000,0,CXON
1062,00:04:02,242,F,DESCENT,212.5,25.42,97.70,3.58,0.19,-0.22,0.00,-0.22,-9.50,2.89,1.43,00:00:00,0.0,0.0000,0.0000,0,CXON
1062,00:04:03,243,F,DESCENT,211.7,25.42,97.71,3.58,0.20,-0.11,0.00,0.00,-9.43,2.78,1.43,00:00:00,0.0,0.0000,0.0000,0,CXON
1062,00:04:04,244,F,DESCENT,211.9,25.42,97.71,3.58,0.20,0.22,0.56,-0.56,-9.62,3.12,1.12,00:00:00,0.0,0.0000,0.0000,0,CXON
1062,00:04:05,245,F,DESCENT,204.4,25.42,97.80,3.58,0.19,-0.11,-0.34,-0.22,-9.39,2.86,1.28,00:00:00,0.0,0.0000,0.0000,0,CXON
1062,00:04:06,246,F,DESCENT,202.6,25.43,97.82,3.58,0.20,-0.11,0.00,0.00,-9.50,2.78,1.43,00:00:00,0.0,0.0000,0.0000,0,CXON
1062,00:04:07,247,F,DESCENT,201.9,25.43,97.83,3.58,0.20,0.56,0.11,-0.22,-9.30,2.74,1.39,00:00:00,0.0,0.0000,0.0000,0,CXON
1062,00:04:08,248,F,DESCENT,201.7,25.43,97.83,3.58,0.20,0.00,0.00,0.22,-9.54,2.82,1.39,00:00:00,0.0,0.0000,0.0000,0,CXON
1062,00:04:09,249,F,DESCENT,201.3,25.43,97.83,3.58,0.20,0.11,0.00,-0.11,-9.50,2.78,1.32,00:00:00,0.0,0.0000,0.0000,0,CXON
1062,00:04:10,250,F,DESCENT,200.9,25.43,97.84,3.58,0.20,0.00,0.00,0.00,-9.46,2.82,1.39,00:00:00,0.0,0.0000,0.0000,0,CXON
1062,00:04:11,251,F,DESCENT,200.2,25.43,97.85,3.58,0.19,0.00,0.00,0.00,-9.46,2.82,1.39,00:00:00,0.0,0.0000,0.0000,0,CXON
1062,00:04:12,252,F,DESCENT,200.0,25.44,97.85,3.58,0.19,0.00,0.00,0.00,-9.46,2.89,1.62,00:00:00,0.0,0.0000,0.0000,0,CXON
1062,00:04:13,253,F,DESCENT,199.0,25.44,97.86,3.58,0.19,-0.11,0.00,0.00,-9.46,2.74,1.36,00:00:00,0.0,0.0000,0.0000,0,CXON
1062,00:04:14,254,F,DESCENT,202.2,25.44,97.82,3.58,0.20,0.00,0.00,0.00,-9.42,2.86,1.39,00:00:00,0.0,0.0000,0.0000,0,CXON
1062,00:04:15,255,F,DESCENT,200.7,25.45,97.84,3.58,0.19,0.00,0.00,0.00,-9.42,2.82,1.43,00:00:00,0.0,0.0000,0.0000,0,CXON
1062,00:04:16,256,F,DESCENT,200.4,25.44,97.85,3.58,0.19,0.00,0.00,0.00,-9.43,2.82,1.39,00:00:00,0.0,0.0000,0.0000,0,CXON
1062,00:04:17,257,F,DESCENT,199.6,25.45,97.85,3.58,0.19,-0.45,0.34,0.00,-9.66,2.86,1.66,00:00:00,0.0,0.0000,0.0000,0,CXON
1062,00:04:18,258,F,DESCENT,198.7,25.45,97.87,3.58,0.19,-0.11,0.00,0.00,-9.58,2.78,1.39,00:00:00,0.0,0.0000,0.0000,0,CXON
1062,00:04:19,259,F,DESCENT,198.0,25.45,97.87,3.58,0.19,-0.11,0.00,0.11,-9.50,2.78,1.36,00:00:00,0.0,0.0000,0.0000,0,CXON
1062,00:04:20,260,F,DESCENT,197.6,25.45,97.88,3.58,0.19,0.00,0.00,0.00,-9.43,2.82,1.39,00:00:00,0.0,0.0000,0.0000,0,CXON
1062,00:04:21,261,F,DESCENT,197.1,25.46,97.88,3.58,0.19,0.00,0.00,1.12,-9.69,2.63,1.36,00:00:00,0.0,0.0000,0.0000,0,CXON
1062,00:04:22,262,F,DESCENT,196.8,25.46,97.89,3.58,0.20,0.45,-0.22,1.57,-9.54,2.63,1.43,00:00:00,0.0,0.0000,0.0000,0,CXON
1062,00:04:23,263,F,DESCENT,197.1,25.46,97.88,3.58,0.19,0.22,-0.22,0.67,-9.58,3.05,1.28,00:00:00,0.0,0.0000,0.0000,0,CXON
1062,00:04:24,264,F,DESCENT,197.2,25.47,97.88,3.58,0.19,0.00,0.00,-0.34,-9.50,2.82,1.39,00:00:00,0.0,0.0000,0.0000,0,CXON
1062,00:04:25,265,F,DESCENT,198.6,25.47,97.87,3.58,0.20,-0.11,0.00,-0.45,-9.39,2.86,1.39,00:00:00,0.0,0.0000,0.0000,0,CXON
